{
 "BL_MD": {
  "Skagerrak": 52.73886658149297,
  "NorNed": 54.01190910750137,
  "NordLink": 33.04435115897061,
  "North Sea Link": 84.98851676096612
 },
 "SMR_NTC_MD": {
  "Skagerrak": 90.40236965382977,
  "NorNed": 76.95215063576079,
  "NordLink": 87.23573340633935,
  "North Sea Link": 97.36227717953398
 },
 "BL_IC": {
  "Skagerrak": 41.23167244631015,
  "NorNed": 49.81254182636734,
  "NordLink": 31.546967208128002,
  "North Sea Link": 79.51040335827706
 },
 "SMR_NTC_IC": {
  "Skagerrak": 87.7448743688021,
  "NorNed": 75.20038632353835,
  "NordLink": 84.09077082192614,
  "North Sea Link": 96.43867494068262
 }
}